filename	page_url	asset_url	audio_profile
01-serene-ocean-waves-4k.mp4	https://www.pexels.com/video/aerial-view-of-serene-ocean-waves-in-4k-36070847/	https://videos.pexels.com/video-files/36070847/15297514_3840_2160_30fps.mp4	ocean
02-forest-waterfall-4k.mp4	https://www.pexels.com/video/waterfalls-in-a-forest-5257861/	https://videos.pexels.com/video-files/5257861/5257861-uhd_3840_2160_30fps.mp4	water
03-starry-night-timelapse-4k.mp4	https://www.pexels.com/video/time-lapse-of-a-starry-night-sky-13384219/	https://videos.pexels.com/video-files/13384219/13384219-uhd_3840_2160_25fps.mp4	celestial
04-rainy-night-city-4k.mp4	https://www.pexels.com/video/night-street-slow-motion-19924296/	https://videos.pexels.com/video-files/19924296/19924296-uhd_3840_2160_24fps.mp4	rain
05-iceland-aurora-4k.mp4	https://www.pexels.com/video/breathtaking-northern-lights-over-iceland-s-winter-landscape-35092214/	https://videos.pexels.com/video-files/35092214/14866549_3840_2160_25fps.mp4	celestial
06-mountains-and-clouds-4k.mp4	https://www.pexels.com/video/4k-aerial-view-of-mountain-landscape-with-clouds-37404855/	https://videos.pexels.com/video-files/37404855/15842209_3840_2160_25fps.mp4	wind
07-underwater-wave-4k.mp4	https://www.pexels.com/video/underwater-view-of-a-breaking-wave-4863640/	https://videos.pexels.com/video-files/4863640/4863640-uhd_3840_2160_24fps.mp4	underwater
08-cozy-fireplace-4k.mp4	https://www.pexels.com/video/burning-logs-in-a-fireplace-13270910/	https://videos.pexels.com/video-files/13270910/13270910-uhd_3840_2160_60fps.mp4	preserve
09-mountain-river-4k.mp4	https://www.pexels.com/video/a-flowing-river-in-a-mountain-landscape-13978917/	https://videos.pexels.com/video-files/13978917/13978917-uhd_3840_2160_24fps.mp4	preserve
10-misty-forest-4k.mp4	https://www.pexels.com/video/misty-forest-with-tall-trees-in-foggy-atmosphere-32675101/	https://videos.pexels.com/video-files/32675101/13930636_3840_2160_60fps.mp4	wind
11-desert-dunes-4k.mp4	https://www.pexels.com/video/aerial-view-of-the-desert-19376557/	https://videos.pexels.com/video-files/19376557/19376557-uhd_3840_2160_25fps.mp4	wind
12-golden-hour-lake-4k.mp4	https://www.pexels.com/video/beautiful-scenery-of-a-calm-lake-during-golden-hour-5378535/	https://videos.pexels.com/video-files/5378535/5378535-uhd_3840_2160_24fps.mp4	water
13-sunset-clouds-4k.mp4	https://www.pexels.com/video/a-colorful-sunset-sky-above-the-clouds-12935195/	https://videos.pexels.com/video-files/12935195/12935195-uhd_3840_2160_25fps.mp4	celestial
14-lavender-fields-4k.mp4	https://www.pexels.com/video/drone-footage-of-a-lavender-field-in-bloom-13968685/	https://videos.pexels.com/video-files/13968685/13968685-uhd_3840_2160_24fps.mp4	wind
